id,name,pop,german hip hop,dance pop,pop urbaine,french hip hop,latin,reggaeton,trap latino,rap,hip hop
0X2BH1fck6amBIoJhDVmmJ,Ellie Goulding,0,0,1,0,0,0,0,0,0,0
4Q6nIcaBED8qUel8bBx6Cr,Jax Jones,0,0,1,0,0,0,0,0,0,0
0GgY7hjMoGDsX8ZDe2mwds,Soolking,0,0,0,1,1,0,0,0,0,0
0xRXCcSX89eobfrshSVdyu,MEDUZA,1,0,0,0,0,0,0,0,0,0
6W5uA6CNMf3hd2j4a2XWCx,Naps,0,0,0,1,1,0,0,0,0,0
4dpARuHxo51G3z768sgnrY,Adele,1,0,0,0,0,0,0,0,0,0
7CUFPNi1TU8RowpnFRSsZV,Niska,0,0,0,1,1,0,0,0,0,0
1zNqDE7qDGCsyzJwohVaoX,Anne-Marie,1,0,1,0,0,0,0,0,0,0
7dL0nOHwnSAsNAwpkPSGWP,sangiovanni,0,0,0,0,0,0,0,0,0,0
3t5xRXzsuZmMDkQzgOX35S,Robin Schulz,0,0,1,0,0,0,0,0,0,0
67hb7towEyKvt5Z8Bx306c,Empire of the Sun,0,0,0,0,0,0,0,0,0,0
48R2gYdPKtfnfKAzhSVPUx,Migrantes,0,0,0,0,0,0,0,0,0,0
5f7VJjfbwm532GiveGC0ZK,Lil Baby,0,0,0,0,0,0,0,0,1,0
18ISxWwWjV6rPLoVCXf1dz,RIN,0,1,0,0,0,0,0,0,0,0
0XeEobZplHxzM9QzFQWLiR,Eslabon Armado,0,0,0,0,0,0,0,0,0,0
07SFzTMeYf5P8Rd32a9Zzw,AK AUSSERKONTROLLE,0,1,0,0,0,0,0,0,0,0
57n1OF36WvtOeATY6WQ6iw,Digga D,0,0,0,0,0,0,0,0,0,0
5M9Bb4adKAgrOFOhc05Y50,Pablo Alborán,0,0,0,0,0,1,0,0,0,0
07YUOmWljBTXwIseAUd9TW,Sebastian Yatra,0,0,0,0,0,1,0,0,0,0
4LwRgSkj7AJJTKLnEaHjMv,Lucio101,0,1,0,0,0,0,0,0,0,0
2NpPlwwDVYR5dIj0F31EcC,Leony,0,0,0,0,0,0,0,0,0,0
0C8ZW7ezQVs4URX5aX7Kqx,Selena Gomez,1,0,1,0,0,0,0,0,0,0
1q7T9rFQ2a2ukA1PU51fo3,Koba LaD,0,0,0,1,1,0,0,0,0,0
33ScadVnbm2X8kkUqOkC6Z,Don Omar,0,0,0,0,0,1,1,0,0,0
5TYxZTjIPqKM8K8NuP9woO,C. Tangana,0,0,0,0,0,0,0,0,0,0
0elWFr7TW8piilVRYJUe4P,Natanael Cano,0,0,0,0,0,0,0,0,0,0
6XyY86QOPPrYVGvF9ch6wz,Linkin Park,0,0,0,0,0,0,0,0,0,0
4axKuDPr6WKcDCyh8vueTY,Luar La L,0,0,0,0,0,0,0,1,0,0
1qQLhymHXFPtP5U8KNKsm6,Apache 207,0,1,0,0,0,0,0,0,0,0
1EXjXQpDx2pROygh8zvHs4,Melendi,0,0,0,0,0,0,0,0,0,0
2hlmm7s2ICUX0LVIhVFlZQ,Gunna,0,0,0,0,0,0,0,0,1,1
1KCSPY1glIKqW2TotWuXOR,P!nk,1,0,1,0,0,0,0,0,0,0
5C4PDR4LnhZTbVnKWXuDKD,Morat,0,0,0,0,0,1,0,0,0,0
6l3HvQ5sa6mXTsMTB19rO5,J. Cole,0,0,0,0,0,0,0,0,1,1
3QVolfxko2UyCOtexhVTli,Angèle,0,0,0,0,0,0,0,0,0,0
7iK8PXO48WeuP03g8YR51W,Myke Towers,0,0,0,0,0,0,0,1,0,0
2IMZYfNi21MGqxopj9fWx8,Rels B,0,0,0,0,0,0,0,1,0,0
1Xylc3o4UrD53lo9CvFvVg,Zara Larsson,1,0,1,0,0,0,0,0,0,0
39KEQQAG9JhIt71g9NEVhh,Azet,0,1,0,0,0,0,0,0,0,0
1Xyo4u8uXC1ZmMpatF05PJ,The Weeknd,1,0,0,0,0,0,0,0,0,0
2kCcBybjl3SAtIcwdWpUe3,Lil Peep,0,0,0,0,0,0,0,0,0,0
78rUTD7y6Cy67W1RVzYs7t,PinkPantheress,0,0,0,0,0,0,0,0,0,0
3y24n3XhZ96wgwRXjvS17T,Coolio,0,0,0,0,0,0,0,0,1,1
6KImCVD70vtIoJWnq6nGn3,Harry Styles,1,0,0,0,0,0,0,0,0,0
768O5GliF0bqscyghggrbE,Polimá Westcoast,0,0,0,0,0,0,0,1,0,0
50co4Is1HCEo8bhOyUWKpn,Young Thug,0,0,0,0,0,0,0,0,0,1
2NJWI8byqTSqDaJRnqJY2z,KALIM,0,1,0,0,0,0,0,0,0,0
4m6ubhNsdwF4psNf3R8kwR,KHEA,0,0,0,0,0,0,0,1,0,0
3FtVhV92rZyHa7ot2ioG5a,El Bobe,0,0,0,0,0,0,0,1,0,0
6LuN9FCkKOj5PcnpouEgny,Khalid,1,0,0,0,0,0,0,0,0,0
3utZ2yeQk0Z3BCOBWP7Vlu,CRO,0,1,0,0,0,0,0,0,0,0
56ZTgzPBDge0OvCGgMO3OY,Beach House,0,0,0,0,0,0,0,0,0,0
4az97MtWmBQ5Db3GfDh9j9,Morad,0,0,0,0,0,0,0,0,0,0
77SW9BnxLY8rJ0RciFqkHh,The Neighbourhood,1,0,0,0,0,0,0,0,0,0
08GQAI4eElDnROBrJRGE0X,Fleetwood Mac,0,0,0,0,0,0,0,0,0,0
3GxKJzJK4LpsYGXQrw77wz,Mimi Webb,1,0,1,0,0,0,0,0,0,0
716NhGYqD1jl2wI1Qkgq36,Bizarrap,0,0,0,0,0,0,0,1,0,0
1Yfe3ONJlioHys7jwHdfVm,Lomepal,0,0,0,0,1,0,0,0,0,0
7ACEUD7UsmmXrnj4OLt8f9,twocolors,0,0,1,0,0,0,0,0,0,0
3bvfu2KAve4lPHrhEFDZna,Lola Indigo,0,0,0,0,0,0,0,0,0,0
5Y3MV9DZ0d87NnVm56qSY1,Tiago PZK,0,0,0,0,0,0,0,0,0,0
1E8mXBWN7AXZCOPYbOky4J,Jazeek,0,1,0,0,0,0,0,0,0,0
1GDbiv3spRmZ1XdM1jQbT7,Natti Natasha,0,0,0,0,0,1,1,0,0,0
2CCgb0KApjfQDuTppovpf8,Rvfv,0,0,0,0,0,0,0,1,0,0
3Hvx3BM0K4FHBs9J3k8G6V,NGEE,0,1,0,0,0,0,0,0,0,0
5H4yInM5zmHqpKIoMNAx4r,Central Cee,0,0,0,0,0,0,0,0,0,0
2z2TRvloJt4EfUNQp9rHAi,Alonzo,0,0,0,1,1,0,0,0,0,0
1yxSLGMDHlW21z4YXirZDS,Black Eyed Peas,1,0,1,0,0,0,0,0,0,0
3lY9Fxceu60W1rbon7PkuF,Omar Montes,0,0,0,0,0,0,0,1,0,0
0C0XlULifJtAgn6ZNCW2eu,The Killers,0,0,0,0,0,0,0,0,0,0
0oxWjDXa2iXcVB11n8RY3U,BOJAN,0,1,0,0,0,0,0,0,0,0
4Gso3d4CscCijv0lmajZWs,Don Toliver,1,0,0,0,0,0,0,0,1,0
1QJbbsxg2wqidJj51d3otw,Natos y Waor,0,0,0,0,0,0,0,0,0,0
7I2JG3CcPawkeQPE7uypHJ,HBz,0,0,0,0,0,0,0,0,0,0
5XJDexmWFLWOkjOEjOVX3e,Eladio Carrion,0,0,0,0,0,0,0,1,0,0
2UZIAOlrnyZmyzt1nuXr9y,Nicki Nicole,0,0,0,0,0,0,0,1,0,0
0oeiA5U9u1U45Gos5cywUU,Soso Maness,0,0,0,1,1,0,0,0,0,0
3Z3aTg9PwJ37e8xeO0aUC9,01099,0,1,0,0,0,0,0,0,0,0
3pVfscwg2QxhdHtk966inb,The Cratez,0,0,0,0,0,0,0,0,0,0
4nDoRrQiYLoBzwC5BhVJzF,Camila Cabello,1,0,1,0,0,0,0,0,0,0
2JwyRtuXf2l6sTnSnGVIa1,Farid Bang,0,1,0,0,0,0,0,0,0,0
0Y6dVaC9DZtPNH4591M42W,TV Girl,0,0,0,0,0,0,0,0,0,0
10exVja0key0uqUkk6LJRT,Vance Joy,1,0,0,0,0,0,0,0,0,0
6JL8zeS1NmiOftqZTRgdTz,Meghan Trainor,1,0,1,0,0,0,0,0,0,0
66Ok6bgC570sHkw08N20pZ,OBOY,0,0,0,1,1,0,0,0,0,0
0Y5tJX1MQlPlqiwlOH1tJY,Travis Scott,0,0,0,0,0,0,0,0,1,0
5Q30fhTc0Sl0Q4C5dOjhhQ,La La Love You,0,0,0,0,0,0,0,0,0,0
56oDRnqbIiwx4mymNEv7dS,Lizzo,1,0,1,0,0,0,0,0,0,0
5rGrDvrLOV2VV8SCFVGWlj,Imanbek,0,0,1,0,0,0,0,0,0,0
4BFLElxtBEdsdwGA1kHTsx,ElGrandeToto,0,0,0,0,0,0,0,0,0,0
7gU9VyFRN3JWPJ5oHOil60,Tayc,0,0,0,1,0,0,0,0,0,0
4EPJlUEBy49EX1wuFOvtjK,Becky Hill,1,0,1,0,0,0,0,0,0,0
1DxLCyH42yaHKGK3cl5bvG,Maria Becerra,0,0,0,0,0,0,0,0,0,0
6veh5zbFpm31XsPdjBgPER,BIA,1,0,0,0,0,0,0,0,0,0
0hCNtLu0JehylgoiP8L4Gh,Nicki Minaj,1,0,1,0,0,0,0,0,0,0
0eHQ9o50hj6ZDNBt6Ys1sD,Yandel,0,0,0,0,0,1,1,0,0,0
4LXBc13z5EWsc5N32bLxfH,Nekfeu,0,0,0,1,1,0,0,0,0,0
0Dvx6p8JDyzeOPGmaCIH1L,RAF Camora,0,1,0,0,0,0,0,0,0,0
3ZuBEj9ppJe8GSdKaMTfMN,Nimo,0,1,0,0,0,0,0,0,0,0
15UsOTVnJzReFVN1VCnxy4,XXXTENTACION,0,0,0,0,0,0,0,0,0,0
1mcTU81TzQhprhouKaTkpq,Rauw Alejandro,0,0,0,0,0,0,0,1,0,0
6E94QKXZv8BbO6QQJxcxLI,Daviles de Novelda,0,0,0,0,0,0,0,0,0,0
7tYKF4w9nC0nq9CsPZTHyP,SZA,1,0,0,0,0,0,0,0,1,0
1UjxAZqzphB1tsMb1aWBj0,Omega,0,0,0,0,0,0,0,0,0,0
6ydoSd3N2mwgwBHtF6K7eX,Calum Scott,1,0,0,0,0,0,0,0,0,0
4e0nWw2r4BoQSKPQ2zpU13,Ray Dalton,0,0,0,0,0,0,0,0,0,0
1XKjtpH5P81gpOXDB91IEB,Miami Yacine,0,1,0,0,0,0,0,0,0,0
4bL2B6hmLlMWnUEZnorEtG,Felix Jaehn,0,0,1,0,0,0,0,0,0,0
06HL4z0CvFAxyc27GXpf02,Taylor Swift,1,0,0,0,0,0,0,0,0,0
1U1el3k54VvEUzo3ybLPlM,Kali Uchis,1,0,0,0,0,0,0,0,0,0
2YZyLoL8N0Wb9xBt1NhZWg,Kendrick Lamar,0,0,0,0,0,0,0,0,1,1
6jGMq4yGs7aQzuGsMgVgZR,Lil Tjay,0,0,0,0,0,0,0,0,0,0
4hz8tIajF2INpgM0qzPJz2,Rainbow Kitten Surprise,0,0,0,0,0,0,0,0,0,0
2Diqn1jFkehRd9MVDGKGdq,Eddin,0,1,0,0,0,0,0,0,0,0
4P3RXClUWZnQAO6BfrEQXb,ART,0,1,0,0,0,0,0,0,0,0
4GNC7GD6oZMSxPGyXy4MNB,Lewis Capaldi,1,0,0,0,0,0,0,0,0,0
64KEffDW9EtZ1y2vBYgq8T,Marshmello,1,0,1,0,0,0,0,0,0,0
5Pwc4xIPtQLFEnJriah9YJ,OneRepublic,1,0,1,0,0,0,0,0,0,0
7bXgB6jMjp9ATFy66eO08Z,Chris Brown,1,0,1,0,0,0,0,0,0,0
0rvjqX7ttXeg3mTy8Xscbt,Journey,0,0,0,0,0,0,0,0,0,0
329e4yvIujISKGKz1BZZbO,Farruko,0,0,0,0,0,1,1,1,0,0
0Q8NcsJwoCbZOHHW63su5S,Mora,0,0,0,0,0,0,1,1,0,0
7Gi6gjaWy3DxyilpF1a8Is,Junior H,0,0,0,0,0,0,0,0,0,0
6Ip8FS7vWT1uKkJSweANQK,Dave,0,0,0,0,0,0,0,0,0,0
1tZ99AnqyjgrmPwLfGU5eo,Fito y Fitipaldis,0,0,0,0,0,0,0,0,0,0
1r4hJ1h58CWwUQe3MxPuau,Maluma,0,0,0,0,0,1,1,1,0,0
4Jd9XCHzRXTB7ZPPVzJoUm,Milano,0,1,0,0,0,0,0,0,0,0
5lwmRuXgjX8xIwlnauTZIP,Romeo Santos,0,0,0,0,0,1,0,0,0,0
2rEVnwCPBeGkWMv425KoG1,AYLIVA,0,1,0,0,0,0,0,0,0,0
1Yj5Xey7kTwvZla8sqdsdE,Cris Mj,0,0,0,0,0,0,0,1,0,0
0ys2OFYzWYB5hRDLCsBqxt,Fuerza Regida,0,0,0,0,0,0,0,0,0,0
5gqmbbfjcikQBzPB5Hv13I,Gazo,0,0,0,1,1,0,0,0,0,0
3LvwPiJQJ0da0GurKMToV0,Baby Gang,0,0,0,0,0,0,0,0,0,0
74KM79TiuVKeVCqs8QtB0B,Sabrina Carpenter,1,0,1,0,0,0,0,0,0,0
1vCWHaC5f2uS3yhpwWbIA6,Avicii,1,0,1,0,0,0,0,0,0,0
45dkTj5sMRSjrmBSBeiHym,Tate McRae,1,0,1,0,0,0,0,0,0,0
4O15NlyKLIASxsJ0PrXPfz,Lil Uzi Vert,0,0,0,0,0,0,0,0,1,0
6h1s4i4XKIYv4ErDelLDN0,Samra,0,1,0,0,0,0,0,0,0,0
2ubn2zwyYaLdHOCKnTouU2,Ziak,0,0,0,0,0,0,0,0,0,0
3tQzzidoPfVifoURnDfgmD,t-low,0,1,0,0,0,0,0,0,0,0
3QSQFmccmX81fWCUSPTS7y,Dean Lewis,1,0,0,0,0,0,0,0,0,0
5cj0lLjcoR7YOSnhnX0Po5,Doja Cat,1,0,1,0,0,0,0,0,0,0
1dfeR4HaWDbWqFHLkxsg1d,Queen,0,0,0,0,0,0,0,0,0,0
4npEfmQ6YuiwW1GpUmaq3F,Ava Max,1,0,1,0,0,0,0,0,0,0
1McMsnEElThX1knmY4oliG,Olivia Rodrigo,1,0,0,0,0,0,0,0,0,0
4obzFoKoKRHIphyHzJ35G3,Becky G,0,0,1,0,0,1,0,0,0,0
4IWBUUAFIplrNtaOHcJPRM,James Arthur,1,0,0,0,0,0,0,0,0,0
4CAsSAU842glNKJX71ndA9,Louise Attaque,0,0,0,0,0,0,0,0,0,0
7ltDVBr6mKbRvohxheJ9h1,ROSALÍA,0,0,0,0,0,0,0,0,0,0
246dkjvS1zLTtiykXe5h60,Post Malone,0,0,0,0,0,0,0,0,1,0
1RyvyyTE3xzB2ZywiAwp0i,Future,0,0,0,0,0,0,0,0,1,1
1vyhD5VmyZ7KMfW5gqLgo5,J Balvin,0,0,0,0,0,1,1,1,0,0
7eLcDZDYHXZCebtQmVFL25,Aitana,0,0,0,0,0,0,0,0,0,0
4SsVbpTthjScTS7U2hmr1X,Arcangel,0,0,0,0,0,1,1,1,0,0
6Te49r3A6f5BiIgBRxH7FH,Ninho,0,0,0,1,1,0,0,0,0,0
4YLtscXsxbVgi031ovDDdh,Chris Stapleton,0,0,0,0,0,0,0,0,0,0
5N3YDBGT2gUzXgLDTwPRi5,Álvaro De Luna,0,0,0,0,0,0,0,0,0,0
3MZsBdqDrRTJihTHQrO6Dq,Joji,0,0,0,0,0,0,0,0,0,0
0FwnPHExlRRxEZPLAi5tmG,JC Reyes,0,0,0,0,0,0,0,1,0,0
4sbXXFzEWJY2zsZjelerjX,Dadju,0,0,0,1,1,0,0,0,0,0
6L34dW6SKMSDaGIfYDU19j,Maes,0,0,0,1,1,0,0,0,0,0
3pjq2pDV9RR6VY55wBjVnp,Dardan,0,1,0,0,0,0,0,0,0,0
53XhwfbYqKCa1cC15pYq2q,Imagine Dragons,0,0,0,0,0,0,0,0,0,0
7jVv8c5Fj3E9VhNjxT4snq,Lil Nas X,1,0,0,0,0,0,0,0,0,0
4q3ewBCX7sLwd24euuV69X,Bad Bunny,0,0,0,0,0,1,1,1,0,0
1i8SpTcr7yvPOmcqrbnVXY,Ozuna,0,0,0,0,0,1,1,1,0,0
0lAWpj5szCSwM4rUMHYmrr,Måneskin,0,0,0,0,0,0,0,0,0,0
1ul8iLt2WnFe2UIyovjg7q,reezy,0,1,0,0,0,0,0,0,0,0
76dRoxKtDwYkgCQePok9cU,Miksu / Macloud,0,1,0,0,0,0,0,0,0,0
2EMAnMvWE2eb56ToJVfCWs,Bryson Tiller,1,0,0,0,0,0,0,0,0,0
4F4pp8NUW08JuXwnoxglpN,Bad Gyal,0,0,0,0,0,0,0,1,0,0
0VlrorDSkEbLK1D6VvMgd2,Rubi,0,0,0,0,0,0,0,0,0,0
2LRoIwlKmHjgvigdNGBHNo,Feid,0,0,0,0,0,1,1,0,0,0
77ziqFxp5gaInVrF2lj4ht,Sech,0,0,0,0,0,1,1,1,0,0
2Z9KL8Zmqx5Sg3cd7Fldhl,Olexesh,0,1,0,0,0,0,0,0,0,0
4oUHIQIBe0LHzYfvXNW4QM,Morgan Wallen,0,0,0,0,0,0,0,0,0,0
3VHAySZQPlfGlNLslzXYpN,Nathy Peluso,0,0,0,0,0,0,0,0,0,0
1aS5tqEs9ci5P9KD9tZWa6,Bonez MC,0,1,0,0,0,0,0,0,0,0
6k8mwkKJKKjBILo7ypBspl,Ana Mena,0,0,0,0,0,0,0,0,0,0
0EFisYRi20PTADoJrifHrz,Jhay Cortez,0,0,0,0,0,1,1,1,0,0
5BcAKTbp20cv7tC5VqPFoC,Macklemore & Ryan Lewis,1,0,1,0,0,0,0,0,0,0
5KNNVgR6LBIABRIomyCwKJ,Dermot Kennedy,1,0,0,0,0,0,0,0,0,0
5eioJDe26lOqkAMbuhzZYs,Gzuz,0,1,0,0,0,0,0,0,0,0
46pWGuE3dSwY3bMMXGBvVS,Rema,0,0,0,0,0,0,0,0,0,0
0ZHPrnImGh4re3TbSNkoZl,Beret,0,0,0,0,0,0,0,0,0,0
4V8LLVI7PbaPR0K2TGSxFF,"Tyler, The Creator",0,0,0,0,0,0,0,0,1,1
7c53ZFyajVMTo08HmvoB6b,zzoilo,0,0,0,0,0,0,0,0,0,0
0NGAZxHanS9e0iNHpR8f2W,Alok,0,0,0,0,0,0,0,0,0,0
5H1nN1SzW0qNeUEZvuXjAj,Danny Ocean,0,0,0,0,0,1,1,0,0,0
3tlXnStJ1fFhdScmQeLpuG,Brent Faiyaz,1,0,0,0,0,0,0,0,1,0
34LetYSjEuG2fBb4Z8PwPg,Pashanim,0,1,0,0,0,0,0,0,0,0
2wY79sveU1sp5g7SokKOiI,Sam Smith,1,0,1,0,0,0,0,0,0,0
2ctUnxn4qlNB9rYMyKJuMf,Ikke Hüftgold,0,0,0,0,0,0,0,0,0,0
3Isy6kedDrgPYoTS1dazA9,Sean Paul,0,0,1,0,0,0,0,0,0,0
360IAlyVv4PCEVjgyMZrxK,Miguel,1,0,1,0,0,0,0,0,0,0
5ZY4M2aGiTaZQEP6HfqeJc,Montez,0,1,0,0,0,0,0,0,0,0
7uK2QScoOUkqq8tvtvBIL7,Endzone,0,1,0,0,0,0,0,0,0,0
2qk9voo8llSGYcZ6xrBzKx,Kings of Leon,0,0,0,0,0,0,0,0,0,0
5MynxBz4ZMqvUzpcxTZl4C,Therapie TAXI,0,0,0,0,0,0,0,0,0,0
31W5EY0aAly4Qieq6OFu6I,A Boogie Wit da Hoodie,0,0,0,0,0,0,0,0,1,0
6M2wZ9GZgrQXHCFfjv46we,Dua Lipa,1,0,1,0,0,0,0,0,0,0
2txHhyCwHjUEpJjWrEyqyX,Tom Odell,1,0,0,0,0,0,0,0,0,0
790FomKkXshlbRYZFtlgla,KAROL G,0,0,0,0,0,1,1,1,0,0
3Mn6d673ieRza7uw6zY2Zv,Hava,0,1,0,0,0,0,0,0,0,0
4yvcSjfu4PC0CYQyLy4wSq,Glass Animals,0,0,0,0,0,0,0,0,0,0
0AqlFI0tz2DsEoJlKSIiT9,Emilia,0,0,0,0,0,0,0,0,0,0
6zlR5ttMfMNmwf2lecU9Cc,Sam Fender,0,0,0,0,0,0,0,0,0,0
7Ln80lUS6He07XvHI8qqHH,Arctic Monkeys,0,0,0,0,0,0,0,0,0,0
7dGJo4pcD2V6oG8kP0tJRR,Eminem,0,0,0,0,0,0,0,0,1,1
3PhoLpVuITZKcymswpck5b,Elton John,0,0,0,0,0,0,0,0,0,0
7CajNmpbOovFoOoasH2HaY,Calvin Harris,0,0,1,0,0,0,0,0,0,0
2DaxqgrOhkeH0fpeiQq2f4,Oasis,0,0,0,0,0,0,0,0,0,0
66CXWjxzNUsdJxJ2JdwvnR,Ariana Grande,1,0,1,0,0,0,0,0,0,0
5hREZP0zTQbTLkZ2M8RS4v,Djadja & Dinaz,0,0,0,1,1,0,0,0,0,0
3TVXtAsR1Inumwj472S9r4,Drake,0,0,0,0,0,0,0,0,1,1
57vWImR43h4CaDao012Ofp,Steve Lacy,0,0,0,0,0,0,0,0,0,0
7hIqJfRYGBWWT1Qxu6Cpd2,Andy Rivera,0,0,0,0,0,1,1,0,0,0
3Mcii5XWf6E0lrY3Uky4cA,Ice Cube,0,0,0,0,0,0,0,0,0,1
1bAftSH8umNcGZ0uyV7LMg,Duki,0,0,0,0,0,0,0,1,0,0
6ARKr2ZoLf9TDoQiZarJMt,makko,0,1,0,0,0,0,0,0,0,0
7nDsS0l5ZAzMedVRKPP8F1,Ella Henderson,1,0,1,0,0,0,0,0,0,0
7vXDAI8JwjW531ouMGbfcp,TINI,0,0,0,0,0,0,0,0,0,0
2tIP7SsRs7vjIcLrU85W8J,The Kid LAROI,0,0,0,0,0,0,0,0,0,0
1bpI6QDUqmfKmV0Tlhj0Jm,Pajel,0,1,0,0,0,0,0,0,0,0
2FXC3k01G6Gw61bmprjgqS,Hozier,1,0,0,0,0,0,0,0,0,0
2f7f3AmL16mmiAmYnxmmfx,Provinz,0,0,0,0,0,0,0,0,0,0
7f5Zgnp2spUuuzKplmRkt7,Lost Frequencies,1,0,0,0,0,0,0,0,0,0
2R21vXR83lH98kGeO99Y66,Anuel AA,0,0,0,0,0,1,1,0,0,0
6qqNVTkY8uBg9cP3Jd7DAH,Billie Eilish,1,0,0,0,0,0,0,0,0,0
0GOx72r5AAEKRGQFn3xqXK,GIMS,0,0,0,0,1,0,0,0,0,0
1QPdp5duV6lV4XINCzjwQ2,Dinos,0,0,0,1,1,0,0,0,0,0
6TLwD7HPWuiOzvXEa3oCNe,Oliver Tree,0,0,0,0,0,0,0,0,0,0
4lR4w01uPOblBqpIAzuCzL,Noah,0,1,0,0,0,0,0,0,0,0
13ubrt8QOOCPljQ2FL1Kca,A$AP Rocky,0,0,0,0,0,0,0,0,1,1
7oWrEQO1d3klp0Qrfh7a5h,badmómzjay,0,1,0,0,0,0,0,0,0,0
5pVRwX5ZQR7hfJ18w8ZYkl,Ufo361,0,1,0,0,0,0,0,0,0,0
4lDiJcOJ2GLCK6p9q5BgfK,Kontra K,0,1,0,0,0,0,0,0,0,0
3tVQdUvClmAT7URs9V3rsp,WizKid,0,0,0,0,0,0,0,0,0,0
4WZGDpNwrC0vNQyl9QzF7d,Capital Bra,0,1,0,0,0,0,0,0,0,0
37czgDRfGMvgRiUKHvnnhj,Öwnboss,0,0,0,0,0,0,0,0,0,0
5Y5EJ20jDQkkB213zwuDXR,menace Santana,0,0,0,0,0,0,0,0,0,0
3DCWeG2J1fZeu0Oe6i5Q6m,PLK,0,0,0,1,1,0,0,0,0,0
0ErzCpIMyLcjPiwT4elrtZ,NLE Choppa,0,0,0,0,0,0,0,0,0,0
4gzpq5DPGxSnKTe4SA8HAU,Coldplay,1,0,0,0,0,0,0,0,0,0
4PFgfReja3r59JaekHpeuf,El Taiger,0,0,0,0,0,0,0,0,0,0
5wyWp867LWGjFmYZXVSFnZ,MERO,0,1,0,0,0,0,0,0,0,0
5SXuuuRpukkTvsLuUknva1,Baby Keem,0,0,0,0,0,0,0,0,1,1
4FpJcNgOvIpSBeJgRg3OfN,Orelsan,0,0,0,0,1,0,0,0,0,0
0du5cEVh5yTK9QJze8zA0C,Bruno Mars,1,0,1,0,0,0,0,0,0,0
5YGY8feqx7naU7z4HrwZM6,Miley Cyrus,1,0,1,0,0,0,0,0,0,0
4MCBfE4596Uoi2O4DtmEMz,Juice WRLD,0,0,0,0,0,0,0,0,0,0
2EFpb61Lpi0l5ldOiqbZkK,Landy,0,0,0,1,1,0,0,0,0,0
2o5jDhtHVPhrJdv3cEQ99Z,Tiësto,0,0,1,0,0,0,0,0,0,0
67MNhiAICFY6Pwc2YxCO0K,Elley Duhé,1,0,0,0,0,0,0,0,0,0
2UwqpfQtNuhBwviIC0f2ie,Damso,0,0,0,1,1,0,0,0,0,0
0tmwSHipWxN12fsoLcFU3B,Manuel Turizo,0,0,0,0,0,1,1,0,0,0
6olE6TJLqED3rqDCT0FyPh,Nirvana,0,0,0,0,0,0,0,0,0,0
1uNFoZAHBGtllmzznpCI3s,Justin Bieber,1,0,0,0,0,0,0,0,0,0
3mmI5HKArDwgggj4j0aJyC,BHZ,0,1,0,0,0,0,0,0,0,0
6eUKZXaKkcviH0Ku9w2n3V,Ed Sheeran,1,0,0,0,0,0,0,0,0,0
3IW7ScrzXmPvZhB27hmfgy,Jul,0,0,0,0,0,0,0,0,0,0
4Yttlv9ndGjCDCVLqM7ACq,Sido,0,1,0,0,0,0,0,0,0,0
6HCBnyTBSLdb3TFn2ayulY,Leto,0,0,0,1,1,0,0,0,0,0
00FQb4jTyendYWaN8pK0wa,Lana Del Rey,1,0,0,0,0,0,0,0,0,0
1Cs0zKBU1kc0i8ypK3B9ai,David Guetta,1,0,1,0,0,0,0,0,0,0
19u3RGWKsjmbg9eI6zAiNp,13 Organisé,0,0,0,1,1,0,0,0,0,0
14zUHaJZo1mnYtn6IBRaRP,Justin Quiles,0,0,0,0,0,1,1,1,0,0
5tHiL8SKSaZGMBUPIiSmX4,KitschKrieg,0,1,0,0,0,0,0,0,0,0
7GDrXlpRrdG29o4n0pNR5D,Bru-C,0,0,0,0,0,0,0,0,0,0
3CJKkU0XuElRT1z8rEtIYg,Luciano,0,1,0,0,0,0,0,0,0,0
5K4W6rqBFWDnAN6FQUkS6x,Kanye West,0,0,0,0,0,0,0,0,1,0
1QAJqy2dA3ihHBFIHRphZj,Cigarettes After Sex,0,0,0,0,0,0,0,0,0,0
66ihevNkSYNzRAl44dx6jJ,Carin Leon,0,0,0,0,0,0,0,0,0,0
0U7ti3mwGrBNlKNE4YlbfT,Sierra Kidd,0,1,0,0,0,0,0,0,0,0
4VMYDCV2IEDYJArk749S6m,Daddy Yankee,0,0,0,0,0,1,1,1,0,0
2cPqdH7XMvwaBJEVjheH8g,Jay Wheeler,0,0,0,0,0,1,1,1,0,0
3JhNCzhSMTxs9WLGJJxWOY,Macklemore,0,0,0,0,0,0,0,0,0,0
5bv5RplEOwdCvhq0EILh9E,Lucenzo,0,0,0,0,0,0,1,0,0,0
0adJG3bdFTHCkTY28NkY4u,Bejo,0,0,0,0,0,0,0,0,0,0
5KKpBU5eC2tJDzf0wmlRp2,RAYE,1,0,1,0,0,0,0,0,0,0
1GKIlPFdcewHtpDVCQ8zmJ,Brray,0,0,0,0,0,0,1,1,0,0
4myTppRgh0rojLxx8RycOp,Ryan Lewis,0,0,0,0,0,0,0,0,0,0
3q7HBObVc0L8jNeTe5Gofh,50 Cent,0,0,0,0,0,0,0,0,0,1
55Aa2cqylxrFIXC767Z865,Lil Wayne,0,0,0,0,0,0,0,0,1,1
08Ld63UgKrJ0nZnCkzHtzc,Project Pat,0,0,0,0,0,0,0,0,0,0
53EHeXzGs4HheTCTnwfPEr,SFR,0,0,0,0,0,0,0,0,0,0
1OJvqVmekd5OPxlTeHmlBl,Ion Miles,0,0,0,0,0,0,0,0,0,0
5szJHKg5xeUlQ9pTqzdpic,Taiu,0,0,0,0,0,0,0,0,0,0
6zrOXBaNn0DqJeXxgC2eyH,Houari,0,0,0,1,0,0,0,0,0,0
7LQLsKs1Qulq0BxYdhRnBU,Azad,0,1,0,0,0,0,0,0,0,0
4NSzuIc0eGOftqr0tEOhJk,ClockClock,0,0,0,0,0,0,0,0,0,0
7FXX45sHqoQoCwqtG0ZV8H,Solda,0,0,0,0,0,0,0,0,0,0
0b62itBWBdLgiecXjXCqKC,Maxwell,0,1,0,0,0,0,0,0,0,0
5IbUz6BcOu6IVY512oxavP,Niño de Elche,0,0,0,0,0,0,0,0,0,0
1HBjj22wzbscIZ9sEb5dyf,Jonas Blue,1,0,1,0,0,0,0,0,0,0
3vUMXQ9kPnZAQkMkZZ7Hfh,Tiakola,0,0,0,1,1,0,0,0,0,0
3nFkdlSjzX9mRTtwJOzDYB,JAY-Z,0,0,0,0,0,0,0,0,1,1
2kXKa3aAFngGz2P4GjG5w2,SCH,0,0,0,1,1,0,0,0,0,0
36caCzfSrrL7a8Mvd1SuRr,Chapo102,0,1,0,0,0,0,0,0,0,0
2jku7tDXc6XoB6MO2hFuqg,Tory Lanez,0,0,0,0,0,0,0,0,0,0
1zNqQNIdeOUZHb8zbZRFMX,Swae Lee,0,0,0,0,0,0,0,0,0,0
42ppAzaKW3DW3bYRmxd1Dw,DJ Conds,0,0,0,0,0,0,0,0,0,0
5UN0rzL594mWY2RbOtZqIN,Ptazeta,0,0,0,0,0,0,0,0,0,0
1wAtSe79kItIb9nf5EhI2Q,Niro,0,0,0,1,1,0,0,0,0,0
0EmeFodog0BfCgMzAIvKQp,Shakira,0,0,1,0,0,1,0,0,0,0
2ydZrTy8U3kOMOzx20s3dg,DJ Nelson,0,0,0,0,0,1,1,0,0,0
2mpeljBig2IXLXRAFO9AAs,Dido,0,0,0,0,0,0,0,0,0,0
2SrSdSvpminqmStGELCSNd,Stormzy,0,0,0,0,0,0,0,0,0,0
4Dokdwa3WB7ilQ2c2qvIBL,Bugzy Malone,0,0,0,0,0,0,0,0,0,0
2WmxTCUVOyGsqn4GA7VxuC,Gustav,0,0,0,0,0,0,0,0,0,0
3l9G1G9MxH6DaRhwLklaf5,Oscar Maydon,0,0,0,0,0,0,0,0,0,0
5Y5TRrQiqgUO4S36tzjIRZ,Timbaland,1,0,1,0,0,0,0,0,0,1
6n28c9qs9hNGriNa72b26u,PNAU,0,0,0,0,0,0,0,0,0,0
3wcj11K77LjEY1PkEazffa,Burna Boy,0,0,0,0,0,0,0,0,0,0
0rjms710nwQTdrQheXHJfz,Standly,0,0,0,0,0,0,0,0,0,0
7xtnpHS34mLlxGZDVUBHSU,La Húngara,0,0,0,0,0,0,0,0,0,0
0VRj0yCOv2FXJNP47XQnx5,Quavo,0,0,0,0,0,0,0,0,0,1
2T1aUibqR2QC2sINIDQOAK,Mambo Kingz,0,0,0,0,0,0,0,0,0,0
3NPpFNZtSTHheNBaWC82rB,X Ambassadors,1,0,0,0,0,0,0,0,0,0
4V8Sr092TqfHkfAA5fXXqG,Luis Fonsi,0,0,0,0,0,1,0,0,0,0
1URnnhqYAYcrqrcwql10ft,21 Savage,0,0,0,0,0,0,0,0,1,0
687cZJR45JO7jhk1LHIbgq,Tems,0,0,0,0,0,0,0,0,0,0
4bWHA8fMNjzfGPQqnh5D6y,Recycled J,0,0,0,0,0,0,0,0,0,0
5RaQ9nmVGoTye2SI76x3yw,Kofs,0,0,0,1,1,0,0,0,0,0
1Ts9of7VPZElwPQnqnDSfW,Lyanno,0,0,0,0,0,1,1,0,0,0
0uxYECT7XqHNccQAg5Uhe4,Nico Valdi,0,0,0,0,0,0,0,0,0,0
28ExwzUQsvgJooOI0X1mr3,Jay Rock,0,0,0,0,0,0,0,0,0,1
5iIl7sknJm4dw34xfsL667,skrilla,0,0,0,0,0,0,0,0,0,0
4tZwfgrHOc3mvqYlEYSvVi,Daft Punk,0,0,0,0,0,0,0,0,0,0
31IVfzTQ5bAPL8XMrO6dVx,Axolotes Mexicanos,0,0,0,0,0,0,0,0,0,0
60XHOAhvEBiV6BGBOv8ClM,La Joaqui,0,0,0,0,0,0,0,0,0,0
2NZD6Gqfk60GEcAAnJKVsR,Stars Music Chile,0,0,0,0,0,0,0,0,0,0
5LeiVcEnsZcwc133TUhJNW,Belinda,0,0,1,0,0,1,0,0,0,0
12vb80Km0Ew53ABfJOepVz,Ñengo Flow,0,0,0,0,0,1,1,0,0,0
00XhexlJEXQstHimpZN910,Brytiago,0,0,0,0,0,1,1,0,0,0
5gs4Sm2WQUkcGeikMcVHbh,Hamza,0,0,0,1,1,0,0,0,0,0
1Hsdzj7Dlq2I7tHP7501T4,Niall Horan,1,0,1,0,0,0,0,0,0,0
4DdkRBBYG6Yk9Ka8tdJ9BW,Offset,0,0,0,0,0,0,0,0,1,1
2IoSLl3tqYMq9DzR0d6NJN,Elams,0,0,0,1,1,0,0,0,0,0
1wZtkThiXbVNtj6hee6dz9,Wisin & Yandel,0,0,0,0,0,1,1,0,0,0
2LhsePRtgCo4THVKULQBL7,L.V.,0,0,0,0,0,0,0,0,0,0
0aOIluXr131XqrXFwFCFGT,Sevek,0,0,0,0,0,0,0,0,0,0
1Oa0bMld0A3u5OTYfMzp5h,Nate Dogg,0,0,0,0,0,0,0,0,0,1
77DAFfvm3O9zT5dIoG0eIO,Kyla,0,0,0,0,0,0,0,0,0,0
64M6ah0SkkRsnPGtGiRAbb,Bebe Rexha,1,0,1,0,0,0,0,0,0,0
64aJYyrXljOodnUG6jvhRD,DJ Luian,0,0,0,0,0,1,1,0,0,0
37230BxxYs9ksS7OkZw3IU,Chencho Corleone,0,0,0,0,0,0,0,0,0,0
7EQ0qTo7fWT7DPxmxtSYEc,Bastille,1,0,0,0,0,0,0,0,0,0
2p1fiYHYiXz9qi0JJyxBzN,Skepta,0,0,0,0,0,0,0,0,1,0
2f6TzIGIIxEuwp6o7kEbhy,Pablo Mas,0,0,0,0,0,0,0,0,0,0
2YVF0Ou5zIc4mpgtLIlGN0,Robert Miles,0,0,0,0,0,0,0,0,0,0
2h93pZq0e7k5yf4dywlkpM,Frank Ocean,0,0,0,0,0,0,0,0,0,1
3J1MhhyXLJRNRZVrx11Lbf,Cyril Kamer,0,0,0,0,0,0,0,1,0,0
4bthk9UfsYUYdcFyqxmSUU,Tears For Fears,0,0,0,0,0,0,0,0,0,0
7jy3rLJdDQY21OgRLCZ9sD,Foo Fighters,0,0,0,0,0,0,0,0,0,0
3L774tiJRvPmAS90pOLB44,Rsko,0,0,0,1,0,0,0,0,0,0
3NH8t45zOTqzlZgBvZRjvB,PNL,0,0,0,1,1,0,0,0,0,0
56n1NeXsTOOxjX3Z4lVMTJ,SFDK,0,0,0,0,0,0,0,0,0,0
4lHAjTCvXGu8QIM3cEe93m,Maka,0,0,0,0,0,0,0,0,0,0
5fmYDIdgEkSgLdL6esxgfp,Belén Aguilera,0,0,0,0,0,0,0,0,0,0
6ltzsmQQbmdoHHbLZ4ZN25,Lord Huron,0,0,0,0,0,0,0,0,0,0
5ZqnEfVdEGmoPxtELhN7ai,Estopa,0,0,0,0,0,0,0,0,0,0
2ptKt4yP4mYRZmvi09JYyi,Timal,0,0,0,1,1,0,0,0,0,0
7IlRNXHjoOCgEAWN5qYksg,Aya Nakamura,0,0,0,1,0,0,0,0,0,0
3YwqjMyrRfuixi2pbgTGCE,Heuss L'enfoiré,0,0,0,1,1,0,0,0,0,0
718COspgdWOnwOFpJHRZHS,Luke Combs,0,0,0,0,0,0,0,0,0,0
2IvkS5MXK0vPGnwyJsrEyV,Eric Church,0,0,0,0,0,0,0,0,0,0
3OqTvcWgb0xaainosGVvuZ,Gala,0,0,0,0,0,0,0,0,0,0
73sIBHcqh3Z3NyqHKZ7FOL,Childish Gambino,0,0,0,0,0,0,0,0,1,1
2ysnwxxNtSgbb9t1m2Ur4j,George Ezra,1,0,0,0,0,0,0,0,0,0
5me0Irg2ANcsgc93uaYrpb,The Notorious B.I.G.,0,0,0,0,0,0,0,0,0,1
0jeYkqwckGJoHQhhXwgzk3,Cruz Cafuné,0,0,0,0,0,0,0,0,0,0
6xeFne1rkxMhKSW3ipvkdV,Toploader,0,0,0,0,0,0,0,0,0,0
4ckWVaYN8j0EZrNFRHmxZx,Marmi,0,0,0,0,0,0,0,0,0,0
1m9WPOccw8sizsVYUhSVjZ,Selecta,0,0,0,0,0,0,0,0,0,0
3YBJLs7RqR0aPGBgU27nDh,Werenoi,0,0,0,1,1,0,0,0,0,0
0iEtIxbK0KxaSlF7G42ZOp,Metro Boomin,0,0,0,0,0,0,0,0,1,1
1GLtl8uqKmnyCWxHmw9tL4,The Kooks,0,0,0,0,0,0,0,0,0,0
1hJuGCUpefX24GFmss9bjH,Amy Macdonald,0,0,0,0,0,0,0,0,0,0
1IueXOQyABrMOprrzwQJWN,Sigala,1,0,1,0,0,0,0,0,0,0
6jStlKLflTMUN6BajxrNlj,Julien Doré,0,0,0,0,0,0,0,0,0,0
3E12tRURRvPfHz0hAMCFYc,Omar Courtz,0,0,0,0,0,0,0,0,0,0
1moxjboGR7GNWYIMWsRjgG,Florence + The Machine,1,0,0,0,0,0,0,0,0,0
2gduEC76ry33RVurAvT05p,Nathan Dawe,0,0,1,0,0,0,0,0,0,0
2PJEagPIxaBugeMjIyKVXF,Aitch,0,0,0,0,0,0,0,0,0,0
5f6nz3iqzrfiUfKOIKvLvd,Nemir,0,0,0,1,1,0,0,0,0,0
7dIpKWlEeAljA20vFJ82RD,Roar,0,0,0,0,0,0,0,0,0,0
1pPmIToKXyGdsCF6LmqLmI,Rich The Kid,0,0,0,0,0,0,0,0,0,1
1ackd5XprZEkH3McKbQD51,Juan Magán,0,0,1,0,0,1,0,0,0,0
03Vz1qy4oauKKM9kJKy5DW,EAZ,0,0,0,0,0,0,0,0,0,0
6ddcxDK0BEkhe5LCdoA5Ki,Nickzzy,0,0,0,0,0,0,0,1,0,0
0LKAV3zJ8a8AIGnyc5OvfB,SDM,0,0,0,1,1,0,0,0,0,0
5pKCCKE2ajJHZ9KAiaK11H,Rihanna,1,0,1,0,0,0,0,0,0,0
4reog9Hn84AuUWvGX5a2Yq,Zed,0,0,0,0,0,0,0,0,0,0
77AiFEVeAVj2ORpC85QVJs,Steve Aoki,0,0,1,0,0,0,0,0,0,0
6dbdXbyAWk2qx8Qttw0knR,Josman,0,0,0,1,1,0,0,0,0,0
0qTZZWLzuD59Un5r1speHm,Chris Jedi,0,0,0,0,0,1,1,0,0,0
2sil8z5kiy4r76CRTXxBCA,The Goo Goo Dolls,0,0,0,0,0,0,0,0,0,0
7u6LfVyYpEzMpHLL7jTyvU,Dwele,0,0,0,0,0,0,0,0,0,0
4OV6uYSnHxSYkjDYuBVBUz,Slimane,0,0,0,0,0,0,0,0,0,0
2t7vyRN71qtQT18frElAnV,Maikel Delacalle,0,0,0,0,0,0,0,1,0,0
2s7fZ34RK8RUJQ2ewsh6I5,RK,0,0,0,1,1,0,0,0,0,0
2ErWLckuGFl84nGmg5fwyG,Bilderbuch,0,0,0,0,0,0,0,0,0,0
4GGfAshSkqoxpZdoaHm7ky,ERNEST,0,0,0,0,0,0,0,0,0,0
6vWDO969PvNqNYHIOW5v0m,Beyoncé,1,0,1,0,0,0,0,0,0,0
6FOpWOxsjQxKEbLiJpU1xV,India Martinez,0,0,0,0,0,0,0,0,0,0
3EW0kQ1skZiK1NHg3Spt9J,Takeoff,0,0,0,0,0,0,0,0,1,0
5W9ShLREoRMuXqSSYMeHqk,Gianni,0,0,0,1,1,0,0,0,0,0
7wjeXCtRND2ZdKfMJFu6JC,Louane,0,0,0,0,0,0,0,0,0,0
1lB3I3SI30v2ZOpR4XQqzJ,Gambi,0,0,0,1,1,0,0,0,0,0
3AA28KZvwAUcZuOKwyblJQ,Gorillaz,0,0,0,0,0,0,0,0,0,0
3Zs59sqZJ6fWQqWbRC8bOP,Natalia Lacunza,0,0,0,0,0,0,0,0,0,0
6AMd49uBDJfhf30Ak2QR5s,Coi Leray,0,0,0,0,0,0,0,0,0,0
3qBKjEOanahMxlRojwCzhI,Zacari,0,0,0,0,0,0,0,0,0,0
54kCbQZaZWHnwwj9VP2hn4,Zola,0,0,0,1,1,0,0,0,0,0
43BxCL6t4c73BQnIJtry5v,James Hype,0,0,1,0,0,0,0,0,0,0
6rqlONGmPuP2wJVSfliLBI,Peter Fox,0,0,0,0,0,0,0,0,0,0
1tnX93BHWyMdBSLhwAzo1j,Mudi,0,1,0,0,0,0,0,0,0,0
6RWMnZmXs8Ob715qLr4374,Aissa,0,0,0,0,0,0,0,0,0,0
77iZVjeYoYSl5P0K9mIiUE,Haze,0,0,0,0,0,0,0,0,0,0
4uiEeT7dw0guTJ5CPMsX83,SHB,0,0,0,0,0,0,0,0,0,0
63yrD80RY3RNEM2YDpUpO8,Melanie Martinez,1,0,0,0,0,0,0,0,0,0
2SveKtmknwwMpYJtuFkYZj,Schubi AKpella,0,1,0,0,0,0,0,0,0,0
2wIVse2owClT7go1WT98tk,Missy Elliott,1,0,1,0,0,0,0,0,0,1
3m5qlPf2OkihLz3dRYnkPA,Ovy On The Drums,0,0,0,0,0,0,1,0,0,0
5KBbs98MK59UNMF1VTwMmz,Claudio Capéo,0,0,0,0,0,0,0,0,0,0
2bxxlINUlcMQQb39K7IopR,Abraham Mateo,0,0,0,0,0,1,0,0,0,0
2HPaUgqeutzr3jx5a9WyDV,PARTYNEXTDOOR,1,0,0,0,0,0,0,0,1,0
6QzzeKV0VcnT2vJMYDPuL4,Trettmann,0,1,0,0,0,0,0,0,0,0
5mmEMfYChd6MImBagU7zCs,Bigflo & Oli,0,0,0,0,0,0,0,0,0,0
00me4Ke1LsvMxt5kydlMyU,Cosculluela,0,0,0,0,0,1,1,0,0,0
3Xt3RrJMFv5SZkCfUE8C1J,Kim Petras,0,0,1,0,0,0,0,0,0,0
6ZzzrehTAdrM8y6saVjtoN,TeeDee,0,0,0,0,0,0,0,0,0,0
164Uj4eKjl6zTBKfJLFKKK,JVKE,0,0,0,0,0,0,0,0,0,0
0HxX6imltnNXJyQhu4nsiO,LF SYSTEM,0,0,0,0,0,0,0,0,0,0
13mm5rU1jvWfWG6uQ46ypd,Pierre de Maere,0,0,0,0,0,0,0,0,0,0
2oOAiE62UgqjCEWTHPdn0F,Nuit Incolore,0,0,0,0,0,0,0,0,0,0
6CP5wWvO8oIxedESJNCN4H,Ski Aggu,0,1,0,0,0,0,0,0,0,0
50ZzowkYhUZZ2uGZSXqJbE,Florian Künstler,0,0,0,0,0,0,0,0,0,0
7qMDCTsnaGWM9h8rqTnk0q,Levin Liam,0,1,0,0,0,0,0,0,0,0
2CaWJMR1eyvq8n5h96ggJC,Durdenhauer,0,0,0,0,0,0,0,0,0,0
06VwNCd4PPAxBuxheaf5bz,DJ Robin,0,0,0,0,0,0,0,0,0,0
6Sbl0NT50roqWvy746MfVf,Gabito Ballesteros,0,0,0,0,0,0,0,0,0,0
762310PdDnwsDxAQxzQkfX,Depeche Mode,0,0,0,0,0,0,0,0,0,0
4zvLVP1siaenGVnUBDo2nt,Daniel Miller,0,0,0,0,0,0,0,0,0,0
7iWcRnQMinCoV2u5ICgsW0,Udo Lindenberg,0,0,0,0,0,0,0,0,0,0
7a35Zdc78bDXJv2vYf5hSO,Beendo Z,0,0,0,0,0,0,0,0,0,0
49jTY62Cpw3RYo4dLuG43W,Cian Ducrot,0,0,0,0,0,0,0,0,0,0
3qiHUAX7zY4Qnjx8TNUzVx,Yeat,0,0,0,0,0,0,0,0,0,0
2D8UzkIVdg1bj0Iqz6gjk0,Abhir Hathi,0,0,0,0,0,0,0,0,0,0
3DgZk9TPxWee4QgbRpKGF4,Shibui,0,0,0,0,0,0,0,0,0,0
0niAkxgT6y57bRbT0Ge94z,LiL CaKe,0,0,0,0,0,0,0,0,0,0
4IndUOBCZYZg61557iq2A9,Maldy,0,0,0,0,0,0,1,0,0,0
6nVcHLIgY5pE2YCl8ubca1,Jhayco,0,0,0,0,0,0,1,1,0,0
56Qz2XwGj7FxnNKrfkWjnb,FAST BOY,0,0,0,0,0,0,0,0,0,0
5xSXFYJ9xBDUBxF5VUKDZR,Dertay,0,0,0,0,0,0,0,0,0,0
0IEzMvarfVycBJAXjjEZOL,La Pantera,0,0,0,0,0,0,0,0,0,0
2xzyIzdjfeXX6FIQtlAAyw,ARIZONATEARS,0,0,0,0,0,0,0,0,0,0
7I3bkknknQkIiatWiupQgD,Beach Weather,0,0,0,0,0,0,0,0,0,0
2W6WP4pHQTFlbr2z9S4n54,Kordhell,0,0,0,0,0,0,0,0,0,0
6zBax4hSAI1BJYgwF61EP5,Inéz,0,0,0,0,0,0,0,0,0,0
1r93D0anfnfL4M7tYTce0J,Edwin Rosen,0,0,0,0,0,0,0,0,0,0
0M2CO5ijP35MDhNwvpgxTV,sped up nightcore,0,0,0,0,0,0,0,0,0,0
0Upxnyh9nIUNSOmNE8WF4R,BYOR,0,0,0,0,0,0,0,0,0,0
7o2ZQYM7nTsaVdkXY38UAA,Em Beihold,0,0,0,0,0,0,0,0,0,0
6WAnQfBWB7ddhujPsFQ0pG,Lauty Gram,0,0,0,0,0,0,0,0,0,0
2NeFajzkAQ4UfviWdzf0pK,Marta Santos,0,0,0,0,0,0,0,0,0,0
3LZZPxNDGDFVSIPqf4JuEf,Ice Spice,0,0,0,0,0,0,0,0,0,0
46xBNx0j6cwY6sD9LgMTm1,Rosa Linn,0,0,0,0,0,0,0,0,0,0
40ZNYROS4zLfyyBSs2PGe2,Zach Bryan,0,0,0,0,0,0,0,0,0,0
2rmkQLzj0k4nZdQehOUByO,Chino Pacas,0,0,0,0,0,0,0,0,0,0
0ITff7REwQrTAlu9HsiWQT,The Prodigiez,0,0,0,0,0,0,0,0,0,0
1H2agrqo1Y8alTi5Wde6UG,FABE BROWN,0,0,0,0,0,0,0,0,0,0
6BH1xcDkwbbyrLMUKECsW1,Toosii,0,0,0,0,0,0,0,0,0,0
00vsUIEaNHw6qoQnh8DQM2,EL IMA,0,0,0,0,0,0,0,0,0,0
3ZpEKRjHaHANcpk10u6Ntq,Ayra Starr,0,0,0,0,0,0,0,0,0,0
1buzCmyYZE4kcdLRudsb8V,Mikky Ekko,0,0,0,0,0,0,0,0,0,0
2kS9NyuATpYwjeB93h24H5,Nina Chuba,0,0,0,0,0,0,0,0,0,0
6poBa7e0hqMo8tfNjh0TAV,Die Draufgänger,0,0,0,0,0,0,0,0,0,0
4TGltjqP0MQxdGeSIrM4es,RIDSA,0,0,0,0,0,0,0,0,0,0
2RV0VshxVfkduUIHn0PLzJ,bshp,0,0,0,0,0,0,0,0,0,0
5jNjbQYkujIbjSvvKroBlv,Subelo NEO,0,0,0,0,0,0,0,0,0,0
6B4RvAzPbZcxMjhZvFSDis,Boris Way,0,0,0,0,0,0,0,0,0,0
5kgDdP7a4TsvkF08gpJGX0,Juseph,0,0,0,0,0,0,0,0,0,0
7rz6ZZErn5YFDteXKhyf3g,Disiz,0,0,0,0,1,0,0,0,0,0
5n9bMYfz9qss2VOW89EVs2,Bomba Estéreo,0,0,0,0,0,0,0,0,0,0
1Wic7dyEeEpQXDBbDf6HKm,HoodBlaq,0,1,0,0,0,0,0,0,0,0
5f7z2thkqWrA4vp5Hh476O,Enol,0,0,0,0,0,0,0,0,0,0
09wnzgFWuf8oZHJ4BDoeMS,Olupellar,0,0,0,0,0,0,0,0,0,0
7kjSuFGKhLm8b5qXoMhRkJ,Libianca,0,0,0,0,0,0,0,0,0,0
5OLkn5GT6EcMuJzjwgvQnu,Vacra,0,0,0,1,0,0,0,0,0,0
5y8tKLUfMvliMe8IKamR32,d4vd,0,0,0,0,0,0,0,0,0,0
4H9W4cb3X0qRpv87yKV7fV,Kwam.E,0,1,0,0,0,0,0,0,0,0
33X2jfLSVyDevoksJjRZoS,Strandz,0,0,0,0,0,0,0,0,0,0
2D4FOOOtWycb3Aw9nY5n3c,Declan McKenna,0,0,0,0,0,0,0,0,0,0
4XC335ouK6pXyq4QiIb8bP,Eliza Rose,0,0,0,0,0,0,0,0,0,0
4UWWa5dKgTLAx8mv6Ju6X1,venbee,0,0,0,0,0,0,0,0,0,0
3win9vGIxFfBRag9S63wwf,Bailey Zimmerman,0,0,0,0,0,0,0,0,0,0
6wH6iStAh4KIaWfuhf0NYM,Manu Chao,0,0,0,0,0,0,0,0,0,0
2PAyYzUdafG4mFFp6Rynsk,Raul Clyde,0,0,0,0,0,0,0,0,0,0
6AFA7y2tNohNcpaLwDRyxx,KXXMA,0,0,0,0,0,0,0,0,0,0
21dVknSLCsK37cWozWDZZS,Matt Sassari,0,0,0,0,0,0,0,0,0,0
7LmtogB01302Utf3C3R4GT,GAULOIS,0,0,0,1,1,0,0,0,0,0
5yOvAmpIR7hVxiS6Ls5DPO,Omah Lay,0,0,0,0,0,0,0,0,0,0
0BovidHLtM9n55WXWkApK9,Samuraï,0,0,0,0,0,0,0,0,0,0
42RwQlOWDVzGRQVa61O8VV,OVE,0,0,0,0,0,0,0,0,0,0
2EahEAOUPPXAcncTr8laCj,MADE,0,1,0,0,0,0,0,0,0,0
45ruzGUmIr8WLjLOPJ9mGU,Miggy Dela Rosa,0,0,1,0,0,0,0,0,0,0
2nxyC1TQywKkvfkvuaiaW6,TurboKevin,0,0,0,0,0,0,0,0,0,0
574qIjE9UTvfSvtnIrdLaE,Loi,0,0,0,0,0,0,0,0,0,0
1w8f71fNCVvZtiz4DLd7N5,Harley,0,0,0,1,0,0,0,0,0,0
5QrV5Vr4KdsyKtifvD6X1U,Issey Cross,0,0,0,0,0,0,0,0,0,0
6XkjpgcEsYab502Vr1bBeW,Grupo Frontera,0,0,0,0,0,0,0,0,0,0
35WVTyRnKAoaGExqgktVyb,Hotel Ugly,0,0,0,0,0,0,0,0,0,0
7mx6iGwPF157vXwYcl1DQ3,Restricted,0,0,0,0,0,0,0,0,0,0
6HvZYsbFfjnjFrWF950C9d,NewJeans,0,0,0,0,0,0,0,0,0,0
2HIP5sNZWkrPgSBWRk8XpA,SIRA,0,0,0,0,0,0,0,0,0,0
1NNRWkhwmcXRimFYSBpB1y,Yng Lvcas,0,0,0,0,0,0,0,0,0,0
0NbfKEOTQCcwd6o7wSDOHI,The Game,0,0,0,0,0,0,0,0,1,1
7dJCdUO0l0K2WXzrzjYpmC,Caity Baser,0,0,0,0,0,0,0,0,0,0
19HM5j0ULGSmEoRcrSe5x3,Milo j,0,0,0,0,0,0,0,0,0,0
5hKGLu4Ik88FzWcTPhWNTN,INTERWORLD,0,0,0,0,0,0,0,0,0,0
57WgHRhbRK7ArL0Vgs4s2I,Farruquito,0,0,0,0,0,0,0,0,0,0
3yDDYheQFqfhKZXdjFQuuP,goddard.,0,0,0,0,0,0,0,0,0,0
2gW0M5fn2r7Lo4Hn1r8HZ5,Creeds,0,0,0,0,0,0,0,0,0,0
2O8vbr4RYPpk6MRA4fio7u,Saiko,0,0,0,0,0,0,0,0,0,0
2z1MpPojFcvxYcEAx0lT6w,Vicco,0,0,0,0,0,0,0,0,0,0
6vNAKgK5d74N1I0zTxRPDp,Tream,0,0,0,0,0,0,0,0,0,0
744jIBAAvzMa5eVtUZDxR1,Liaze,0,1,0,0,0,0,0,0,0,0
0GgyFUpOyzWDRDqx8FCTDN,Baby Rasta,0,0,0,0,0,0,1,0,0,0
1GmsPCcpKgF9OhlNXjOsbS,Lizzy McAlpine,1,0,0,0,0,0,0,0,0,0
6uJ51uV5rYzu1MJkC4CceI,Interplanetary Criminal,0,0,0,0,0,0,0,0,0,0
1rpxM2mBJnWdfPeieLDYOc,ZEG P,0,0,0,0,0,0,0,0,0,0
12GqGscKJx3aE4t07u7eVZ,Peso Pluma,0,0,0,0,0,0,0,0,0,0
1GVuCyb4PlArufUZDUnRQi,southstar,0,0,0,0,0,0,0,0,0,0
4S9LNSZusH3XflT3g32bqB,Carla Monroe,0,0,0,0,0,0,0,0,0,0
3rZxAl7fnH4NDynhJm3MUm,Kolja Goldstein,0,1,0,0,0,0,0,0,0,0
6Q3ske8DX705YojfAgidez,Came Beats,0,0,0,0,0,0,0,0,0,0
2mkCm5VNJTplOKJxcDYMpa,Ericson,0,0,0,0,0,0,0,0,0,0
5qPRgWcEOGRzoIST0sHAiI,Angel Dior,0,0,0,0,0,0,0,0,0,0
4jsmk00NuPR1FfXqUCF1ac,treamiboii,0,0,0,0,0,0,0,0,0,0
39TshGQ7RY8nYrhILYRT1S,Linton,0,0,0,0,0,0,0,0,0,0
7w9jfr3fWWEOnm5O3c296Q,Jairo deRemache,0,0,0,0,0,0,0,0,0,0
7CXlqxbfckEDH2hQMjrGyZ,Phil Legg,0,0,0,0,0,0,0,0,0,0
3Sz7ZnJQBIHsXLUSo0OQtM,Mac DeMarco,0,0,0,0,0,0,0,0,0,0
3S46qb1V62vKdGl1sR6LEQ,Schürze,0,0,0,0,0,0,0,0,0,0
5jNmxPYz8QE5rYp4GDil8t,Dina Rae,0,0,0,0,0,0,0,0,0,0
4MvZhE1iuzttcoyepkpfdF,ThxSoMch,0,0,0,0,0,0,0,0,0,0
52iwsT98xCoGgiGntTiR7K,Quevedo,0,0,0,0,0,0,0,0,0,0
4YUcg2ee9TxMNdjhAxzZBF,Ashh,0,0,0,1,1,0,0,0,0,0
6L7j9oK58YpVLZClqX0iF4,ARY,0,1,0,0,0,0,0,0,0,0
20JMfmzDb5cjHxEoMXXMyY,Favé,0,0,0,0,0,0,0,0,0,0
5CWqAxPyMw1opbJyhvs6YO,GAZY MP,0,0,0,0,0,0,0,0,0,0
0Cs47vvRsPgEfliBU9KDiB,D.O.D,0,0,1,0,0,0,0,0,0,0
1nRbtbdYK51y71nVOxu332,Kerchak,0,0,0,0,0,0,0,0,0,0
4TLCPR1sMYoNU1jA7O4uww,D.O.E.,0,0,0,0,0,0,0,0,0,0
5344K3N7rx7kw1HjO8psuq,James Carter,0,0,0,0,0,0,0,0,0,0
4bId6MR2fskVKIeCSEmktg,Ivo Martin,0,0,0,0,0,0,0,0,0,0
3Wxidvy1joh0HaRNyvpIdb,Dorian,0,1,0,0,0,0,0,0,0,0
054k3bx4tpjx1tfypvq3eq,Bobby Vandamme,0,1,0,0,0,0,0,0,0,0
3RbuVoer2pZlqAXI73ElhX,Cheriimoya,0,0,0,0,0,0,0,0,0,0
1aSxMhuvixZ8h9dK9jIDwL,Kate Bush,0,0,0,0,0,0,0,0,0,0
5XKFrudbV4IiuE5WuTPRmT,Stephen Sanchez,1,0,0,0,0,0,0,0,0,0
1pi7nGhOM7PTHR5YEgXVGq,Villano Antillano,0,0,0,0,0,0,0,0,0,0
75oAxYtjhDyLttgvGwQIvM,Aime Simone,0,0,0,0,0,0,0,0,0,0
311uEW9rt5g2NmzjGEKS2E,Mae Stephens,0,0,0,0,0,0,0,0,0,0
63wjoROpeh5f11Qm93UiJ1,Keri Hilson,0,0,1,0,0,0,0,0,0,0
12Zk1DFhCbHY6v3xep2ZjI,070 Shake,0,0,0,0,0,0,0,0,0,0
3tN4jv8IaO9UAKTWqpXaV4,Mia Julia,0,0,0,0,0,0,0,0,0,0
77puYb4Nubacm3PAzkY1UQ,Julian Sommer,0,0,0,0,0,0,0,0,0,0
4NYMUsIcUUsBHbV9DICa5x,Nate Smith,0,0,0,0,0,0,0,0,0,0
3K2Srho6NCF3o9MswGR76H,Bakar,0,0,0,0,0,0,0,0,0,0
4PUr4W5mWlzMkyVpSiX2ZN,Makar,0,0,0,0,0,0,0,0,0,0
4Gr4Wo60IdAOBJLYgRZytK,Edu García,0,0,0,0,0,0,0,0,0,0
0s4kXsjYeH0S1xRyVGN4NO,FLO,1,0,0,0,0,0,0,0,0,0
4ZfEELHfyKd4odAb6YfDFw,White Noise for Babies,0,0,0,0,0,0,0,0,0,0
3qsKSpcV3ncke3hw52JSMB,Young Miko,0,0,0,0,0,0,0,1,0,0
3XZewrXpRQqqCMuUMAIhvN,Domiziana,0,0,0,0,0,0,0,0,0,0
1HLQrKy2EhoJdADW105gfR,ALCATRAZ,0,0,0,0,0,0,0,0,0,0
3pTZ5sCcE1o2O9sWn5yQMg,Hydro,0,0,0,0,0,0,0,0,0,0
41BZwHjzWGfT4wsOP3yZOz,Phontana,0,0,0,0,0,0,0,0,0,0
6AyATGg7mDgBlZ4N5uNog0,SYML,1,0,0,0,0,0,0,0,0,0
4dEayBlrVBjaQOktGkmWki,Switch Disco,0,0,0,0,0,0,0,0,0,0
4W12lEvVl5wectUtRNrvDh,White Noise Baby Sleep,0,0,0,0,0,0,0,0,0,0
1S82w4yw9TYIHZ889mPPaW,Kanii,0,0,0,0,0,0,0,0,0,0
5Ppie0uPnbnvGBYRwYmlt0,Megan Moroney,0,0,0,0,0,0,0,0,0,0
13ZEDW6vyBF12HYcZRr4EV,Tyler Childers,0,0,0,0,0,0,0,0,0,0
7ur9WUsgFMxnJAKojdVBeg,LLUISA,0,0,0,0,0,0,0,0,0,0
4GJ6xDCF5jaUqD6avOuQT6,FIFTY FIFTY,0,0,0,0,0,0,0,0,0,0
3Fl31gc0mEUC2H0JWL1vic,Paula Hartmann,0,1,0,0,0,0,0,0,0,0
1oSPZhvZMIrWW5I41kPkkY,Jimin,0,0,0,0,0,0,0,0,0,0
1DzHYzxnMTpElJgNoq1bEH,GIO,0,0,0,0,0,0,0,0,0,0
2EXpthNgSeTDeX8nGwxppp,Paris Paloma,0,0,0,0,0,0,0,0,0,0
6zcWVbyNT0z94MBffsTJGP,KAMRAD,0,0,0,0,0,0,0,0,0,0
5TP8Ubo4jLKEi4Mw2O8fAk,BM,0,0,0,0,0,0,0,0,0,0
5v3JgLiZtNnw6ablRjjNKK,Stefy De Cicco,0,0,0,0,0,0,0,0,0,0
2sSVegHvvHIOT1gVsqw8EW,Andrea Zelletta,0,0,0,0,0,0,0,0,0,0
5c0lDrNyT2RnFhujZpPIas,Victor Thompson,0,0,0,0,0,0,0,0,0,0
6QdzKE9cMAEFZj1pYcxpsf,Ehis 'D' Greatest,0,0,0,0,0,0,0,0,0,0
